-- Data for table admin_logs
INSERT INTO admin_logs (log_id, admin_email, action, created_at) VALUES ('c5621b5f-8e8e-4689-88ce-1dea5a5428b2', 'admin@g.com', 'Added new ticket: Pirates vs Chiefs (GAME)', '2025-12-23T10:48:23.839Z');
INSERT INTO admin_logs (log_id, admin_email, action, created_at) VALUES ('427b0b23-82c4-4d14-8645-47730caf4298', 'system', 'ERROR: PIN mismatch - User: admin@g.com', '2025-12-23T12:00:43.883Z');
INSERT INTO admin_logs (log_id, admin_email, action, created_at) VALUES ('518b9908-626e-4517-a01f-5f8ef76035e8', 'system', 'ERROR: PIN mismatch - User: admin@g.com', '2025-12-23T12:00:48.847Z');
INSERT INTO admin_logs (log_id, admin_email, action, created_at) VALUES ('e9fd755d-e0ee-4026-9cbb-51e6492ee098', 'admin@g.com', 'Added new ticket: Limpopo to Mpumalanga (TRANSPORT)', '2025-12-23T12:10:34.381Z');
INSERT INTO admin_logs (log_id, admin_email, action, created_at) VALUES ('95eef40b-fe70-4ebf-bf94-6853bda89f0c', 'system', 'ERROR: PIN mismatch - User: admin@g.com', '2025-12-23T12:11:15.445Z');

-- Data for table airtime_data
INSERT INTO airtime_data (id, transaction_ref, network, bundle_type, phone_number, amount, bundle_id, recipient_email, created_at) VALUES (38, '75c30afc-2f90-40d3-b039-237de6a0cbbe', 'MTN', 'AIRTIME', '0710000000', '10.00', NULL, NULL, '2025-12-23T10:44:22.375Z');
INSERT INTO airtime_data (id, transaction_ref, network, bundle_type, phone_number, amount, bundle_id, recipient_email, created_at) VALUES (39, 'b2d4d9de-0607-44b0-8943-34ac6dafc8b7', 'MTN', 'AIRTIME', '0710000000', '50.00', NULL, NULL, '2025-12-23T11:33:48.879Z');
INSERT INTO airtime_data (id, transaction_ref, network, bundle_type, phone_number, amount, bundle_id, recipient_email, created_at) VALUES (40, '2ade576e-ac7a-48c7-8b53-ddba0bd280b7', 'Vodacom', 'AIRTIME', '0716669966', '50.00', NULL, NULL, '2025-12-23T11:34:48.584Z');
INSERT INTO airtime_data (id, transaction_ref, network, bundle_type, phone_number, amount, bundle_id, recipient_email, created_at) VALUES (41, '7487c440-cb0b-4ee1-9293-1324ba46f2bd', 'MTN', 'AIRTIME', '0710000000', '50.00', NULL, NULL, '2025-12-23T12:01:19.580Z');
INSERT INTO airtime_data (id, transaction_ref, network, bundle_type, phone_number, amount, bundle_id, recipient_email, created_at) VALUES (42, '1e95f346-fc7e-48f8-ab3a-f96e5f6c8dff', 'Vodacom', 'AIRTIME', '0716669966', '30.00', NULL, NULL, '2025-12-23T12:02:08.556Z');

-- Data for table data_bundles
INSERT INTO data_bundles (bundle_id, network_id, name, data_size, price, enabled, created_at) VALUES (41, 15, 'MTN 1GB', '1GB', '50.00', true, '2025-12-23T10:44:36.280Z');
INSERT INTO data_bundles (bundle_id, network_id, name, data_size, price, enabled, created_at) VALUES (42, 15, 'MTN 5GB', '5GB', '200.00', true, '2025-12-23T10:44:36.280Z');
INSERT INTO data_bundles (bundle_id, network_id, name, data_size, price, enabled, created_at) VALUES (43, 16, 'Vodacom 1GB', '1GB', '50.00', true, '2025-12-23T10:44:36.280Z');
INSERT INTO data_bundles (bundle_id, network_id, name, data_size, price, enabled, created_at) VALUES (44, 16, 'Vodacom 5GB', '5GB', '200.00', true, '2025-12-23T10:44:36.280Z');
INSERT INTO data_bundles (bundle_id, network_id, name, data_size, price, enabled, created_at) VALUES (45, 17, 'Telkom 1GB', '1GB', '50.00', true, '2025-12-23T10:44:36.280Z');
INSERT INTO data_bundles (bundle_id, network_id, name, data_size, price, enabled, created_at) VALUES (46, 17, 'Telkom 5GB', '5GB', '200.00', true, '2025-12-23T10:44:36.280Z');
INSERT INTO data_bundles (bundle_id, network_id, name, data_size, price, enabled, created_at) VALUES (47, 18, 'Cell C 1GB', '1GB', '50.00', true, '2025-12-23T10:44:36.280Z');
INSERT INTO data_bundles (bundle_id, network_id, name, data_size, price, enabled, created_at) VALUES (48, 18, 'Cell C 5GB', '5GB', '200.00', true, '2025-12-23T10:44:36.280Z');

-- Data for table media
INSERT INTO media (media_id, uploader_email, media_type, title, file_url, is_approved, uploaded_at, view_count, download_count, file_path, file_size, copyright_declared, monetization_enabled, description, artist, category, release_date) VALUES ('10453ae6-d50a-4c3d-8e87-e55b3965a68a', 'admin@gmail.com', 'VIDEO', 'soccer', '/uploads/a8b25b11-8bb9-44f0-ba5e-3f98fee37564.mp4', true, '2025-12-23T17:43:37.458Z', 0, 0, 'uploads/a8b25b11-8bb9-44f0-ba5e-3f98fee37564.mp4', 3482282, true, false, 'qqqqq', 'TERRY Kg', 'qqqqq', '2025-12-22T22:00:00.000Z');
INSERT INTO media (media_id, uploader_email, media_type, title, file_url, is_approved, uploaded_at, view_count, download_count, file_path, file_size, copyright_declared, monetization_enabled, description, artist, category, release_date) VALUES ('592c18ff-8aaa-4c87-983a-f277f3f4d013', 'admin@gmail.com', 'VIDEO', 'mmmmmm', '/uploads/ead98d0f-a80d-4914-9390-19010f5c1deb.mp4', true, '2025-12-23T17:45:06.475Z', 0, 0, 'uploads/ead98d0f-a80d-4914-9390-19010f5c1deb.mp4', 2732548, true, false, 'lllllll', 'TERRY Kg', 'llllllllll', '2025-12-22T22:00:00.000Z');
INSERT INTO media (media_id, uploader_email, media_type, title, file_url, is_approved, uploaded_at, view_count, download_count, file_path, file_size, copyright_declared, monetization_enabled, description, artist, category, release_date) VALUES ('test-media-1', 'admin@gmail.com', 'MUSIC', 'Test Song', '/uploads/a8b25b11-8bb9-44f0-ba5e-3f98fee37564.mp4', false, '2025-12-23T23:54:54.159Z', 0, 0, 'uploads/a8b25b11-8bb9-44f0-ba5e-3f98fee37564.mp4', 1024000, true, false, 'A test song for approval', 'Test Artist', 'Pop', '2022-12-31T22:00:00.000Z');
INSERT INTO media (media_id, uploader_email, media_type, title, file_url, is_approved, uploaded_at, view_count, download_count, file_path, file_size, copyright_declared, monetization_enabled, description, artist, category, release_date) VALUES ('e91340ba-047d-4c36-b034-94d1336dbc80', 'admin@gmail.com', 'VIDEO', 'Approved ', '/uploads/6ce95c8c-c0ad-4de4-819a-c612e827fcc6.mp4', true, '2025-12-24T00:06:25.993Z', 0, 0, 'uploads/6ce95c8c-c0ad-4de4-819a-c612e827fcc6.mp4', 6600572, true, false, ';llllll', 'TERRY Kg', 'lllll', '2025-12-23T22:00:00.000Z');
INSERT INTO media (media_id, uploader_email, media_type, title, file_url, is_approved, uploaded_at, view_count, download_count, file_path, file_size, copyright_declared, monetization_enabled, description, artist, category, release_date) VALUES ('2c8e0d15-ee43-4b58-885f-f9149d19cf12', 'admin@gmail.com', 'VIDEO', 'reject', '/uploads/08f632bb-cf10-469d-952c-63e41ef872b7.mp4', false, '2025-12-24T00:07:11.856Z', 0, 0, 'uploads/08f632bb-cf10-469d-952c-63e41ef872b7.mp4', 2179484, true, false, 'lllllllllll', 'TERRY Kg', 'ijuhygty', '2025-12-23T22:00:00.000Z');

-- Data for table media_comments
INSERT INTO media_comments (comment_id, media_id, user_email, comment, created_at, parent_comment_id) VALUES ('5e7af850-2948-4dbb-bcfd-f2bacf87a5ab', 'e91340ba-047d-4c36-b034-94d1336dbc80', 'terrencekgetedi@gmail.com', '😂😂😂', '2025-12-24T00:10:29.023Z', NULL);

-- Data for table media_interactions
INSERT INTO media_interactions (user_email, media_id, interaction_type, created_at) VALUES ('terrencekgetedi@gmail.com', 'e91340ba-047d-4c36-b034-94d1336dbc80', 'LIKE', '2025-12-24T00:09:59.883Z');

-- Data for table networks
INSERT INTO networks (network_id, name, enabled, created_at) VALUES (15, 'MTN', true, '2025-12-23T10:43:20.811Z');
INSERT INTO networks (network_id, name, enabled, created_at) VALUES (16, 'Vodacom', true, '2025-12-23T10:43:20.811Z');
INSERT INTO networks (network_id, name, enabled, created_at) VALUES (17, 'Telkom', true, '2025-12-23T10:43:20.811Z');
INSERT INTO networks (network_id, name, enabled, created_at) VALUES (18, 'Cell C', true, '2025-12-23T10:43:20.811Z');
INSERT INTO networks (network_id, name, enabled, created_at) VALUES (19, 'Rain', true, '2025-12-23T10:43:20.811Z');

-- Data for table notifications
INSERT INTO notifications (notification_id, user_email, notification_type, message, related_media_id, is_read, created_at, notification_channel, priority, actor_email, action_type, metadata, expires_at, read_at, read_channels) VALUES ('0c90ea3e-48be-4f13-a2db-1cac4abacb32', 'admin@gmail.com', 'MEDIA_APPROVED', 'Your media "Approved " has been approved!', 'e91340ba-047d-4c36-b034-94d1336dbc80', true, '2025-12-24T00:06:36.936Z', 'in_app', 'normal', NULL, NULL, NULL, NULL, '2025-12-24T00:10:13.475Z', NULL);
INSERT INTO notifications (notification_id, user_email, notification_type, message, related_media_id, is_read, created_at, notification_channel, priority, actor_email, action_type, metadata, expires_at, read_at, read_channels) VALUES ('720468c5-173c-4a74-9fea-eeb1cd269b22', 'admin@gmail.com', 'MEDIA_REJECTED', 'Your media "reject" has been rejected.', '2c8e0d15-ee43-4b58-885f-f9149d19cf12', true, '2025-12-24T00:07:25.767Z', 'in_app', 'normal', NULL, NULL, NULL, NULL, '2025-12-24T00:10:13.475Z', NULL);

-- Data for table ticket_notifications
INSERT INTO ticket_notifications (notification_id, user_email, ticket_id, transaction_ref, notification_type, message, sent_at, status) VALUES ('3a2ced6b-8a28-447b-9bc1-12463e55c7dc', 'terrencekgetedi@gmail.com', '034d1050-5aea-4661-bf0f-891ce573c42c', 'baa70137-ccc0-488d-9c77-e3734652b45a', 'PURCHASE_CONFIRMATION', 'Your ticket purchase for Pirates vs Chiefs has been confirmed. Transaction: baa70137-ccc0-488d-9c77-e3734652b45a', '2025-12-23T10:50:56.575Z', 'PENDING');
INSERT INTO ticket_notifications (notification_id, user_email, ticket_id, transaction_ref, notification_type, message, sent_at, status) VALUES ('d46935f7-4b26-4576-83fa-8cae2cd2f3f4', 'terrencekgetedi@gmail.com', '034d1050-5aea-4661-bf0f-891ce573c42c', '040bae70-5d7a-427e-99ec-3ab6d2bcfde3', 'PURCHASE_CONFIRMATION', 'Your ticket purchase for Pirates vs Chiefs has been confirmed. Transaction: 040bae70-5d7a-427e-99ec-3ab6d2bcfde3', '2025-12-23T11:35:37.508Z', 'PENDING');
INSERT INTO ticket_notifications (notification_id, user_email, ticket_id, transaction_ref, notification_type, message, sent_at, status) VALUES ('7f63360a-e6d2-4bd2-836a-71edb98deb9d', 'terrencekgetedi@gmail.com', '034d1050-5aea-4661-bf0f-891ce573c42c', '2bd7a9e6-a6dd-4cd5-b696-8f99a64149d5', 'PURCHASE_CONFIRMATION', 'Your ticket purchase for Pirates vs Chiefs has been confirmed. Transaction: 2bd7a9e6-a6dd-4cd5-b696-8f99a64149d5', '2025-12-23T12:06:07.988Z', 'PENDING');
INSERT INTO ticket_notifications (notification_id, user_email, ticket_id, transaction_ref, notification_type, message, sent_at, status) VALUES ('ba934d69-c404-4f3e-807f-23e9bad305d7', 'terrencekgetedi@gmail.com', 'b5a70e54-3e76-4981-ac55-7e2153aefc32', 'af9b953f-5131-4b32-a6c4-57fbb186abe1', 'PURCHASE_CONFIRMATION', 'Your ticket purchase for Limpopo to Mpumalanga has been confirmed. Transaction: af9b953f-5131-4b32-a6c4-57fbb186abe1', '2025-12-23T12:12:51.554Z', 'PENDING');

-- Data for table ticket_purchases
INSERT INTO ticket_purchases (transaction_ref, ticket_id, user_email, qr_code, ticket_quantity, total_amount, purchase_date, used_at, validated_by, seat, status, qr_image) VALUES ('baa70137-ccc0-488d-9c77-e3734652b45a', '034d1050-5aea-4661-bf0f-891ce573c42c', NULL, 'a5e9767a75922377cbf742defb72fb15', 1, '100.00', '2025-12-23T10:50:56.523Z', NULL, NULL, '', 'ACTIVE', 'data:image/png;base64,iVBORw0KGgoAAAANSUhEUgAAAJQAAACUCAYAAAB1PADUAAAAAklEQVR4AewaftIAAATFSURBVO3BQY4cSRIEQdNA/f/Lun30UwCJ9GpyuCaCP1K15KRq0UnVopOqRSdVi06qFp1ULTqpWnRSteikatFJ1aKTqkUnVYtOqhadVC06qVr0yUtAfpOaJ4BMaiYgk5obIJvU3AD5TWreOKladFK16KRq0SfL1GwC8gSQGyCTmifU3AC5UTMBmdTcqNkEZNNJ1aKTqkUnVYs++TIgT6h5Asg3AZnUTEAmNTdAJjVvAHlCzTedVC06qVp0UrXok7pS8wSQGzX/spOqRSdVi06qFn3yj1HzBJA31DwBZFLzLzmpWnRSteikatEnX6bmTwIyqdkE5Ak1E5BJzRNq/iYnVYtOqhadVC36ZBmQ/zI1E5BJzQRkUjMB2QTkb3ZSteikatFJ1SL8kf8wIDdqJiCTmgnIpGYCMql5Asik5l9yUrXopGrRSdWiT14CMqmZgGxSM6nZpGYC8gaQSc0EZFIzAdmk5ptOqhadVC06qVqEP/ICkBs1vwnIpOYGyKTmBsiNmjeAPKHmBsikZgIyqXnjpGrRSdWik6pF+COLgNyomYC8oeYJIDdqNgF5Qs0NkEnNBGRSMwGZ1Gw6qVp0UrXopGrRJ8vUvKHmCSDfBGRSMwG5UfMEkCeATGpu1HzTSdWik6pFJ1WLPvkyIJOaJ4BMap5QMwGZ1NyoeQPIpGaTmgnIjZpvOqladFK16KRq0ScvAZnUPKFmAjKpeULNjZoJyBtqJiCTmgnIpOYJNROQGzUTkBs1b5xULTqpWnRStQh/5AUgk5oJyI2aCcgTaiYgk5ongLyhZgLyhpoJyKRmAnKj5ptOqhadVC06qVr0yUtqJiCTmhsgN2q+CciNmgnIpGYCMql5AsgTQCY1f9JJ1aKTqkUnVYvwR/4iQG7UTEBu1LwB5EbNDZBvUjMBuVHzTSdVi06qFp1ULfrkJSCTmk1qbtTcALlRc6NmAjIBmdRMaiYgk5oJyKRmAvKEmhsgk5o3TqoWnVQtOqla9MmXAXkDyN9EzQ2QJ4A8oeZGzQTkRs2mk6pFJ1WLTqoWffJlap4AMqn5k4BMaiYgk5pNQCY1E5BJzaTmN51ULTqpWnRStQh/5AUgk5oJyI2aCciNmgnIpGYCMqmZgExq3gByo2YC8iep2XRSteikatFJ1SL8kf8wIJOaN4A8oeYJIDdqngByo2YCcqPmjZOqRSdVi06qFn3yEpDfpGZSMwGZ1ExAvgnIJiCTmieATGq+6aRq0UnVopOqRZ8sU7MJyA2QGyBvqJmA3Kh5AsiNmjfUTEAmNZtOqhadVC06qVr0yZcBeULNJjUTkEnNDZBJzRNAJjU3QN5QMwG5ATKpeeOkatFJ1aKTqkWf/J9RcwNkUvOGmgnIE2reUDMBmdRsOqladFK16KRq0Sf/GDU3QCY1k5oJyKRmAjKpmYBMajYBuVHzm06qFp1ULTqpWvTJl6n5JjUTkEnNpGYCcqNmAjKpmYBMaiYgk5oJyI2aGzV/0knVopOqRSdVi/BHXgDym9RMQCY1E5BJzRNAJjVPAJnUPAFkUjMBuVHzm06qFp1ULTqpWoQ/UrXkpGrRSdWik6pFJ1WLTqoWnVQtOqladFK16KRq0UnVopOqRSdVi06qFp1ULTqpWvQ/VjxN/XWKiTAAAAAASUVORK5CYII=');
INSERT INTO ticket_purchases (transaction_ref, ticket_id, user_email, qr_code, ticket_quantity, total_amount, purchase_date, used_at, validated_by, seat, status, qr_image) VALUES ('040bae70-5d7a-427e-99ec-3ab6d2bcfde3', '034d1050-5aea-4661-bf0f-891ce573c42c', NULL, '17ab81f4f33f7a6bc0a8a544b10382fe', 1, '100.00', '2025-12-23T11:35:37.475Z', NULL, NULL, '', 'ACTIVE', 'data:image/png;base64,iVBORw0KGgoAAAANSUhEUgAAAJQAAACUCAYAAAB1PADUAAAAAklEQVR4AewaftIAAATnSURBVO3BQY4jRxAEwfAC//9l1xzzVECjk6vRKszwR6qWnFQtOqladFK16KRq0UnVopOqRSdVi06qFp1ULTqpWnRSteikatFJ1aKTqkUnVYs+eQnIn6TmCSA3aiYgT6h5Asik5gbIn6TmjZOqRSdVi06qFn2yTM0mIJvUbAIyqblRMwGZ1Nyo2QRk00nVopOqRSdViz75MiBPqHkCyBNAJjU3aiYgk5obIJOaTUCeUPNNJ1WLTqoWnVQt+uR/DsikZgLyBJD/s5OqRSdVi06qFn3yl1FzA+QJNROQCcik5gbIpOZvclK16KRq0UnVok++TM1vomYC8oSaN9RMQCY1T6j5TU6qFp1ULTqpWvTJMiC/CZBJzRNAJjUTkEnNBGRS8waQ3+ykatFJ1aKTqkWfvKTmNwFyA+Q3UXOj5r/kpGrRSdWik6pFn7wEZFIzAdmkZlJzA2RSMwG5UfMEkEnNG0A2qfmmk6pFJ1WLTqoWffJlap4AMqmZgNyomdTcqJmAPKHmBsgTam7UTEAmNTdAbtS8cVK16KRq0UnVok+WAZnUTEAmNTdAJjUTkCeATGreAPKEmifU3Ki5ATKp+aaTqkUnVYtOqhbhjywC8oaaGyCTmgnIpGYC8oSaCcik5gbIpOYJIE+o+TedVC06qVp0UrXok5eA3Ki5AXID5AbIpGYCMqmZgExqJiBPALkBcqNmUvMEkCfUbDqpWnRSteikatEny9S8AWRSMwGZ1HyTmgnIBGRScwNkUjMBeUPNBOQGyKTmjZOqRSdVi06qFuGPLALyhJobIE+oeQLIpGYTkEnNBORGzQRkUvObnFQtOqladFK16JMvU3MD5EbNG0DeADKpmYBMaiY1N2qeUDMBmdQ8AWRS88ZJ1aKTqkUnVYvwRxYBmdRMQG7UTECeUHMDZFKzCciNmhsgk5oJyKRmAnKj5ptOqhadVC06qVqEP/ICkDfUfBOQGzUTkCfUPAHkRs0EZFIzAZnUPAFkUvPGSdWik6pFJ1WL8EdeADKpmYDcqJmA3KiZgExqboB8k5oJyKTmDSCTmgnIpGYCMqnZdFK16KRq0UnVok++TM0bam7U3AC5UTMBmdRMQL4JyI2aCcgTar7ppGrRSdWik6pFn3wZkEnNBOQGyKRmAjKpuVFzo2YCcqNmAvIEkCeA3KiZgNyo2XRSteikatFJ1SL8kf8wIDdqJiA3ap4AMqm5AXKj5gkgN2pugExq3jipWnRSteikatEnLwH5k9RMaiYgE5BJzRtAJjUTkE1AJjU3aiYgN2o2nVQtOqladFK16JNlajYBuQEyqbkBcqNmAjKpmYBMap4AcqPmDTUTkG86qVp0UrXopGrRJ18G5Ak1bwCZ1NyouVEzAZnUTEBu1NwAeQPIv+mkatFJ1aKTqkWf/OWATGqeADKpmYDcqJmA3Ki5ATKpmYBMaiYgE5BJzRsnVYtOqhadVC365C+jZgJyA+QJIJOaGyCTmhsgN2omIJOaJ9RsOqladFK16KRq0Sdfpuab1ExAvknNJiA3am7UTEAmNX/SSdWik6pFJ1WL8EdeAPInqZmATGomIJOaGyB/kpoJyBtqJiCTmm86qVp0UrXopGoR/kjVkpOqRSdVi06qFp1ULTqpWnRSteikatFJ1aKTqkUnVYtOqhadVC06qVp0UrXopGrRP5lQViLgwv2SAAAAAElFTkSuQmCC');
INSERT INTO ticket_purchases (transaction_ref, ticket_id, user_email, qr_code, ticket_quantity, total_amount, purchase_date, used_at, validated_by, seat, status, qr_image) VALUES ('2bd7a9e6-a6dd-4cd5-b696-8f99a64149d5', '034d1050-5aea-4661-bf0f-891ce573c42c', NULL, 'cb3cd7f12b1bad6aebb58129b71fa7da', 1, '100.00', '2025-12-23T12:06:07.959Z', NULL, NULL, '', 'ACTIVE', 'data:image/png;base64,iVBORw0KGgoAAAANSUhEUgAAAJQAAACUCAYAAAB1PADUAAAAAklEQVR4AewaftIAAAThSURBVO3BSY4jSRAEQdMA//9lnT76KYBEOquXMRH8JVVLTqoWnVQtOqladFK16KRq0UnVopOqRSdVi06qFp1ULTqpWnRSteikatFJ1aKTqkWfvATkJ6m5ATKpeQLIE2qeADKpuQHyk9S8cVK16KRq0UnVok+WqdkE5Ak1E5BJzSYgT6iZgExqbtRsArLppGrRSdWik6pFn3wZkCfUPAHkRs0NkBs1E5BJzQ2QGzVvAHlCzTedVC06qVp0UrXok/8ZIJOaGyBPAHkCyKTmb3ZSteikatFJ1aJP/jFqNqmZgExAbtRMQCY1/5KTqkUnVYtOqhZ98mVqfhKQJ4BMam7UPAFkUrNJzZ/kpGrRSdWik6pFnywD8jupmYBMaiYgN0AmNROQSc0TQCY1N0D+ZCdVi06qFp1ULfrkJTV/EiCTmgnIT1Jzo+ZGzd/kpGrRSdWik6pFn7wEZFIzAdmkZlJzA2RSMwG5UfMEkEnNBORGzQRkk5pvOqladFK16KRq0ScvqZmA3KiZgExqngDyhpoJyBNqboDcqJmAvKHmBsiNmjdOqhadVC06qVr0yUtAbtRMQG6A3Kh5Qs03AXlCzQTkRs0TQG7UfNNJ1aKTqkUnVYs+eUnNBGQCMql5A8iNmgnIjZobNROQSc0NkCfUPAHkRs0NkEnNGydVi06qFp1ULfrky9RMQH4nNROQSc0E5AkgP0nNDZAbNZtOqhadVC06qVqEv+QFIJOaN4BMam6A3Ki5ATKpuQFyo+YGyKRmArJJzQ2QSc0bJ1WLTqoWnVQtwl/yRUAmNROQSc0EZFIzAZnU/E5AJjWbgNyouQEyqdl0UrXopGrRSdWiT/5waiYgm4BMaiYgk5oJyKTmBsikZgIyqZnUTEDeADKpeeOkatFJ1aKTqkWfLANyA+QJIJuAPKHmRs0E5EbNG0AmNROQJ9RsOqladFK16KRqEf6SF4BMam6A3Ki5AfKGmhsgT6h5AsiNmgnIpGYCcqNmAnKj5o2TqkUnVYtOqhZ98ocD8oSaCcgEZBOQSc0EZFLzhJobNROQCcik5ptOqhadVC06qVr0yQ9T84SaCcikZgIyqXkCyKRmAjKpuVEzAZnUTEBu1ExAbtTcAJnUvHFSteikatFJ1aJPvgzIjZobIJOaCcgbQCY1E5AngExqJjUTkCeA3KiZgNyo2XRSteikatFJ1aJPXlJzo+YNNb+Tmhsgk5oJyKTmRs0TQCYgk5oJyARkUvPGSdWik6pFJ1WLPnkJyE9SM6mZgNwAmdQ8AWRSMwGZ1ExAngAyqblRMwGZ1HzTSdWik6pFJ1WLPlmmZhOQGyA3QCY1TwC5ATKpmYC8oeYNNROQSc2mk6pFJ1WLTqoWffJlQJ5Q84aaCcgEZFJzo2YCMqmZgExqboBMQN4A8judVC06qVp0UrXok3+cmhsgT6iZgExqJiA3an4SkAnIpOaNk6pFJ1WLTqoWffKPATKpuVHzBJBvArJJzY2aTSdVi06qFp1ULfrky9R8k5obIJOaCcikZgIyqZmA3Ki5AXKj5m9yUrXopGrRSdWiT5YB+UlAbtS8oWYCcgPkCTVvAHlCzTedVC06qVp0UrUIf0nVkpOqRSdVi06qFp1ULTqpWnRSteikatFJ1aKTqkUnVYtOqhadVC06qVp0UrXopGrRf1d2OlAC1vM4AAAAAElFTkSuQmCC');
INSERT INTO ticket_purchases (transaction_ref, ticket_id, user_email, qr_code, ticket_quantity, total_amount, purchase_date, used_at, validated_by, seat, status, qr_image) VALUES ('af9b953f-5131-4b32-a6c4-57fbb186abe1', 'b5a70e54-3e76-4981-ac55-7e2153aefc32', NULL, 'a9379eb0cc9563c037514f3a95e3ab05', 1, '400.00', '2025-12-23T12:12:51.521Z', NULL, NULL, '', 'ACTIVE', 'data:image/png;base64,iVBORw0KGgoAAAANSUhEUgAAAJQAAACUCAYAAAB1PADUAAAAAklEQVR4AewaftIAAATDSURBVO3BSY4jSRAEQdMA//9lnT76KYBEOquXMRH8JVVLTqoWnVQtOqladFK16KRq0UnVopOqRSdVi06qFp1ULTqpWnRSteikatFJ1aKTqkWfvATkJ6mZgExqJiA3ap4AcqNmAnKj5gbIT1LzxknVopOqRSdViz5ZpmYTkDfU3ACZ1NyomYDcqLkBMqm5UbMJyKaTqkUnVYtOqhZ98mVAnlCzCcgmIDdAJjUTkEnNG0CeUPNNJ1WLTqoWnVQt+uQvp2YCMqnZpGYCMqmZgPyfnFQtOqladFK16JO/HJAngExqboA8AeRGzQRkUvM3O6ladFK16KRq0Sdfpuab1ExAbtRMQCY1k5oJyBNqJiCb1PxJTqoWnVQtOqla9MkyID8JyKRmAjKpeQLIpGYCMqmZgExqJiBPAPmTnVQtOqladFK1CH/JPwTIE2omIJOaCcgmNf+Sk6pFJ1WLTqoWffISkEnNDZBvUjMBmdRMQJ5QcwNkUvMEkEnNDZBJzQTkCTVvnFQtOqladFK16JOX1GxScwPkDSCbgExqJiA/CcgTajadVC06qVp0UrXok5eAPKFmAnID5EbNTwJyA2RScwNkUrNJzQTkm06qFp1ULTqpWvTJDwNyA2RSMwG5ATKpeQLIjZoJyKRmAjKpmdRsUvM7nVQtOqladFK16JOX1ExAbtRMQCY1E5BJzQTkDSBPALkBMqmZgExqJiA3aiY1bwCZ1LxxUrXopGrRSdWiT75MzRNAJjUTkEnNBOQGyBNAJjUTkEnNE0DeAHKj5iedVC06qVp0UrXoky8DMqm5UTMBmdRMQCY1N2omIDdqNqm5AXID5EbN73RSteikatFJ1aJPXgIyqXlCzQRkUjMBuQEyqXlCzQ2QSc0EZFJzA+RGzRNAfqeTqkUnVYtOqhZ9sgzIJiA3aiYgN0CeADKpeQLIpOZGzRtqboB800nVopOqRSdViz5ZpuYGyBNqNqm5AfIEkBs1N2qeAPKEmhs1m06qFp1ULTqpWvTJMiCTmhs1N0AmNd+k5gbINwG5UfMEkBsgk5o3TqoWnVQtOqla9MmXAbkBMqmZ1ExAbtRMQCY1E5BJzQRkUjMBuQFyo+YNIJOaJ9RsOqladFK16KRqEf6SF4DcqJmATGomIG+oeQPIE2qeAPInU/PGSdWik6pFJ1WL8Jf8xYDcqJmA3KiZgExqboDcqJmATGqeADKpmYBMar7ppGrRSdWik6pFn7wE5CepuVEzAfmd1ExAngAyqXlCzU86qVp0UrXopGrRJ8vUbAKySc0E5A0gk5obNROQGzWbgExqNp1ULTqpWnRSteiTLwPyhJrfCcgNkBsgbwD5JjXfdFK16KRq0UnVok/+Z4DcqHkCyKRmAvKEmjeA3Kj5ppOqRSdVi06qFn3yl1MzAblRMwG5ATKpeULNBOQJIG+omYDcqHnjpGrRSdWik6pFn3yZmp+kZgLyBJA3gExqvknNBGQCMqmZgGw6qVp0UrXopGrRJ8uA/CQgk5o31ExAbtRMQCYgk5oJyARkUjMBmYBMap5Qs+mkatFJ1aKTqkX4S6qWnFQtOqladFK16KRq0UnVopOqRSdVi06qFp1ULTqpWnRSteikatFJ1aKTqkUnVYv+A8kDDXoxgDZhAAAAAElFTkSuQmCC');

-- Data for table tickets
INSERT INTO tickets (ticket_id, ticket_type, title, event_date, location, price, total_quantity, available_quantity, ticket_subtype, description, end_date, departure_location, arrival_location, departure_time, arrival_time, max_per_user, sales_start_date, sales_end_date, cancellation_policy, refund_policy, status, is_featured, created_at, updated_at, performers, teams, start_time, end_time) VALUES ('034d1050-5aea-4661-bf0f-891ce573c42c', 'GAME', 'Pirates vs Chiefs', '2026-01-01T13:00:00.000Z', 'Olando Stadium ', '100.00', 199, 196, NULL, NULL, NULL, NULL, NULL, NULL, NULL, NULL, NULL, NULL, NULL, NULL, 'ACTIVE', false, '2025-12-23T10:48:23.837Z', '2025-12-23T10:48:23.837Z', NULL, NULL, NULL, NULL);
INSERT INTO tickets (ticket_id, ticket_type, title, event_date, location, price, total_quantity, available_quantity, ticket_subtype, description, end_date, departure_location, arrival_location, departure_time, arrival_time, max_per_user, sales_start_date, sales_end_date, cancellation_policy, refund_policy, status, is_featured, created_at, updated_at, performers, teams, start_time, end_time) VALUES ('b5a70e54-3e76-4981-ac55-7e2153aefc32', 'TRANSPORT', 'Limpopo to Mpumalanga', '2025-12-31T18:09:00.000Z', 'Polokwane', '400.00', 60, 59, NULL, NULL, NULL, NULL, NULL, NULL, NULL, NULL, NULL, NULL, NULL, NULL, 'ACTIVE', false, '2025-12-23T12:10:34.374Z', '2025-12-23T12:10:34.374Z', NULL, NULL, NULL, NULL);

-- Data for table transactions
INSERT INTO transactions (transaction_ref, user_email, amount, status, transaction_type, created_at) VALUES ('b362f51f-6b4d-403e-a7e9-ce2df382f459', 'terrencekgetedi@gmail.com', '100.00', 'SUCCESS', 'WALLET_TOPUP', '2025-12-23T10:41:08.274Z');
INSERT INTO transactions (transaction_ref, user_email, amount, status, transaction_type, created_at) VALUES ('197aab77-d0a3-43e0-a493-ef9dd33f93e2', 'terrencekgetedi@gmail.com', '100.00', 'SUCCESS', 'WALLET_TOPUP', '2025-12-23T10:41:09.563Z');
INSERT INTO transactions (transaction_ref, user_email, amount, status, transaction_type, created_at) VALUES ('75c30afc-2f90-40d3-b039-237de6a0cbbe', 'terrencekgetedi@gmail.com', '10.00', 'SUCCESS', 'AIRTIME_PURCHASE', '2025-12-23T10:44:22.369Z');
INSERT INTO transactions (transaction_ref, user_email, amount, status, transaction_type, created_at) VALUES ('baa70137-ccc0-488d-9c77-e3734652b45a', 'terrencekgetedi@gmail.com', '100.00', 'SUCCESS', 'TICKET_PURCHASE', '2025-12-23T10:50:56.523Z');
INSERT INTO transactions (transaction_ref, user_email, amount, status, transaction_type, created_at) VALUES ('2f5f063e-c80a-4427-94a7-571365093601', 'terrencekgetedi@gmail.com', '200.00', 'SUCCESS', 'WALLET_TOPUP', '2025-12-23T11:33:23.890Z');
INSERT INTO transactions (transaction_ref, user_email, amount, status, transaction_type, created_at) VALUES ('b2d4d9de-0607-44b0-8943-34ac6dafc8b7', 'terrencekgetedi@gmail.com', '50.00', 'SUCCESS', 'AIRTIME_PURCHASE', '2025-12-23T11:33:48.876Z');
INSERT INTO transactions (transaction_ref, user_email, amount, status, transaction_type, created_at) VALUES ('2ade576e-ac7a-48c7-8b53-ddba0bd280b7', 'terrencekgetedi@gmail.com', '50.00', 'SUCCESS', 'AIRTIME_SEND', '2025-12-23T11:34:48.581Z');
INSERT INTO transactions (transaction_ref, user_email, amount, status, transaction_type, created_at) VALUES ('040bae70-5d7a-427e-99ec-3ab6d2bcfde3', 'terrencekgetedi@gmail.com', '100.00', 'SUCCESS', 'TICKET_PURCHASE', '2025-12-23T11:35:37.475Z');
INSERT INTO transactions (transaction_ref, user_email, amount, status, transaction_type, created_at) VALUES ('7487c440-cb0b-4ee1-9293-1324ba46f2bd', 'terrencekgetedi@gmail.com', '50.00', 'SUCCESS', 'AIRTIME_PURCHASE', '2025-12-23T12:01:19.575Z');
INSERT INTO transactions (transaction_ref, user_email, amount, status, transaction_type, created_at) VALUES ('1e95f346-fc7e-48f8-ab3a-f96e5f6c8dff', 'terrencekgetedi@gmail.com', '30.00', 'SUCCESS', 'AIRTIME_SEND', '2025-12-23T12:02:08.553Z');
INSERT INTO transactions (transaction_ref, user_email, amount, status, transaction_type, created_at) VALUES ('606101df-a1c9-41e9-9b0c-f5c56db3aefc', 'terrencekgetedi@gmail.com', '1000.00', 'SUCCESS', 'WALLET_TOPUP', '2025-12-23T12:02:41.526Z');
INSERT INTO transactions (transaction_ref, user_email, amount, status, transaction_type, created_at) VALUES ('2bd7a9e6-a6dd-4cd5-b696-8f99a64149d5', 'terrencekgetedi@gmail.com', '100.00', 'SUCCESS', 'TICKET_PURCHASE', '2025-12-23T12:06:07.959Z');
INSERT INTO transactions (transaction_ref, user_email, amount, status, transaction_type, created_at) VALUES ('0a1fd6ec-75d1-49d1-8f72-0180a4828e41', 'terrencekgetedi@gmail.com', '1000.00', 'SUCCESS', 'WALLET_TOPUP', '2025-12-23T12:12:37.457Z');
INSERT INTO transactions (transaction_ref, user_email, amount, status, transaction_type, created_at) VALUES ('af9b953f-5131-4b32-a6c4-57fbb186abe1', 'terrencekgetedi@gmail.com', '400.00', 'SUCCESS', 'TICKET_PURCHASE', '2025-12-23T12:12:51.521Z');

-- Data for table user_notification_preferences
INSERT INTO user_notification_preferences (email, email_notifications, push_notifications, in_app_notifications, like_notifications, favorite_notifications, comment_notifications, reply_notifications, download_notifications, frequency_digest, quiet_hours_start, quiet_hours_end, min_interval_minutes, max_daily_notifications, created_at, updated_at) VALUES ('admin@gmail.com', true, true, true, true, true, true, true, true, false, '22:00:00', '08:00:00', 5, 100, '2025-12-23T01:04:16.894Z', '2025-12-23T01:04:16.894Z');
INSERT INTO user_notification_preferences (email, email_notifications, push_notifications, in_app_notifications, like_notifications, favorite_notifications, comment_notifications, reply_notifications, download_notifications, frequency_digest, quiet_hours_start, quiet_hours_end, min_interval_minutes, max_daily_notifications, created_at, updated_at) VALUES ('terrencekgetedi@gmail.com', true, true, true, true, true, true, true, true, true, '22:00:00', '08:00:00', 5, 100, '2025-12-23T01:03:00.993Z', '2025-12-23T01:22:10.357Z');
INSERT INTO user_notification_preferences (email, email_notifications, push_notifications, in_app_notifications, like_notifications, favorite_notifications, comment_notifications, reply_notifications, download_notifications, frequency_digest, quiet_hours_start, quiet_hours_end, min_interval_minutes, max_daily_notifications, created_at, updated_at) VALUES ('admin@g.com', true, true, true, true, true, true, true, true, false, '22:00:00', '08:00:00', 5, 100, '2025-12-23T10:45:43.964Z', '2025-12-23T10:45:43.964Z');

-- Data for table users
INSERT INTO users (email, full_name, phone, password_hash, role, wallet_balance, is_blocked, created_at, pin, daily_airtime_limit, monthly_airtime_limit, last_purchase_date, airtime_balance, data_balance) VALUES ('admin@g.com', 'Admin Admin', '0712222222', '$2a$10$BE26P/0nnSsm8INzlcctLul3Xcj9Wrm9Ed.8anWyJAAjq.oVb00BS', 'ADMIN', '0.00', false, '2025-12-23T10:45:30.745Z', NULL, '1000', '5000', NULL, '0.00', '0.00');
INSERT INTO users (email, full_name, phone, password_hash, role, wallet_balance, is_blocked, created_at, pin, daily_airtime_limit, monthly_airtime_limit, last_purchase_date, airtime_balance, data_balance) VALUES ('admin@gmail.com', 'TERRY Kg', '0716669966', '$2a$10$NkkDtrMzAaK.Fl7UzejYr.Lzla/0B1UtMc8qR8CqX.SXvVykZkEa6', 'USER', '0.00', false, '2025-12-23T01:03:57.874Z', '1234', '1000', '5000', NULL, '80.00', '0.00');
INSERT INTO users (email, full_name, phone, password_hash, role, wallet_balance, is_blocked, created_at, pin, daily_airtime_limit, monthly_airtime_limit, last_purchase_date, airtime_balance, data_balance) VALUES ('terrencekgetedi@gmail.com', 'Ntsebe Terrence Kgetedi', '0710000000', '$2a$10$/5k2fsihgjxoSWP8C0TjmuGqB2pjdifPzR2TcWjDeOywUKLx0hoJa', 'USER', '1590.00', false, '2025-12-23T01:02:35.007Z', '1234', '810', '4810', '2025-12-22T22:00:00.000Z', '30.00', '0.00');

